{"cameraMode":{"drawMode":0,"name":"Shaded","section":"Shading Mode"},"sceneLighting":true,"audioPlay":false,"sceneViewState":{"showFog":true,"showMaterialUpdate":false,"showSkybox":true,"showFlares":true,"showImageEffects":true,"showParticleSystems":true},"in2DMode":false,"pivot":{"x":0.2504042685031891,"y":-0.67894047498703,"z":-0.2957957983016968},"rotation":{"x":0.02260078303515911,"y":-0.9686551094055176,"z":0.22814065217971803,"w":0.09592277556657791},"size":13.969311714172364,"orthographic":false}