{"cameraMode":{"drawMode":0,"name":"Shaded","section":"Shading Mode"},"sceneLighting":false,"audioPlay":false,"sceneViewState":{"showFog":true,"showMaterialUpdate":false,"showSkybox":false,"showFlares":true,"showImageEffects":true,"showParticleSystems":true},"in2DMode":false,"pivot":{"x":0.946103572845459,"y":-0.8237121105194092,"z":-1.095109462738037},"rotation":{"x":0.11012348532676697,"y":-0.8599525094032288,"z":0.20935504138469697,"w":0.4523066580295563},"size":5.474153995513916,"orthographic":false}