{"cameraMode":{"drawMode":0,"name":"Shaded","section":"Shading Mode"},"sceneLighting":true,"audioPlay":false,"sceneViewState":{"showFog":true,"showMaterialUpdate":false,"showSkybox":true,"showFlares":true,"showImageEffects":true,"showParticleSystems":true},"in2DMode":false,"pivot":{"x":15.097112655639649,"y":-12.297027587890625,"z":23.792848587036134},"rotation":{"x":0.17646540701389314,"y":0.3560880720615387,"z":-0.06866459548473358,"w":0.9150848388671875},"size":5.8416595458984379,"orthographic":false}